[
  {
    "id": "a249d93f-1b3e-457d-8979-8f32f0d6fa6c",
    "data": [
      {
        "text": "rua paulo marcondes, 190, jardim eudorado, presidente prudente, sp",
        "meta": "@sys.street-address",
        "alias": "street-address",
        "userDefined": true
      }
    ],
    "isTemplate": false,
    "count": 0,
    "lang": "pt-br",
    "updated": 0
  },
  {
    "id": "dc16841f-a3eb-4b3f-94f4-0cc89a557e3b",
    "data": [
      {
        "text": "Entregar na ",
        "userDefined": false
      },
      {
        "text": "paulo marcondes, 190, jardim eudorado, presidente prudente, sp",
        "meta": "@sys.street-address",
        "alias": "street-address",
        "userDefined": true
      }
    ],
    "isTemplate": false,
    "count": 0,
    "lang": "pt-br",
    "updated": 0
  },
  {
    "id": "6b43c42e-d754-4958-b0e8-971b7bbf6f08",
    "data": [
      {
        "text": "Moro na ",
        "userDefined": false
      },
      {
        "text": "rua das flores, 100, jardim planalto, presidente prudente, sp",
        "meta": "@sys.street-address",
        "alias": "street-address",
        "userDefined": true
      }
    ],
    "isTemplate": false,
    "count": 0,
    "lang": "pt-br",
    "updated": 0
  }
]