[
  {
    "id": "4404263a-38fe-4050-9742-3c66b43a3a70",
    "data": [
      {
        "text": "O que posso pedir?",
        "userDefined": false
      }
    ],
    "isTemplate": false,
    "count": 0,
    "lang": "pt-br",
    "updated": 0
  },
  {
    "id": "d1ec3f01-5ce0-438b-9925-5afc28b1728f",
    "data": [
      {
        "text": "Quais são as opções ?",
        "userDefined": false
      }
    ],
    "isTemplate": false,
    "count": 0,
    "lang": "pt-br",
    "updated": 0
  },
  {
    "id": "9ecd6099-8a40-4021-a911-d4e29f321380",
    "data": [
      {
        "text": "Estão fazendo entrega?",
        "userDefined": false
      }
    ],
    "isTemplate": false,
    "count": 0,
    "lang": "pt-br",
    "updated": 0
  },
  {
    "id": "57c772ab-fee1-4ae7-b126-dbfb38696446",
    "data": [
      {
        "text": "Mostre o menu",
        "userDefined": false
      }
    ],
    "isTemplate": false,
    "count": 0,
    "lang": "pt-br",
    "updated": 0
  },
  {
    "id": "faee89ac-4eb6-4c2d-93f5-d3f7fd6283d3",
    "data": [
      {
        "text": "Quais ",
        "userDefined": false
      },
      {
        "text": "doces",
        "userDefined": false
      },
      {
        "text": " tem disponível?",
        "userDefined": false
      }
    ],
    "isTemplate": false,
    "count": 0,
    "lang": "pt-br",
    "updated": 0
  },
  {
    "id": "b839a3d7-8fbf-4237-b01a-b20377fe0dbe",
    "data": [
      {
        "text": "Gostaria de fazer ",
        "userDefined": false
      },
      {
        "text": "um",
        "userDefined": false
      },
      {
        "text": " pedido",
        "userDefined": false
      }
    ],
    "isTemplate": false,
    "count": 0,
    "lang": "pt-br",
    "updated": 0
  },
  {
    "id": "ea025c92-6e46-4a48-96a9-79861e60c724",
    "data": [
      {
        "text": "Quero pedir ",
        "userDefined": false
      },
      {
        "text": "um",
        "userDefined": false
      },
      {
        "text": " doce",
        "userDefined": false
      }
    ],
    "isTemplate": false,
    "count": 0,
    "lang": "pt-br",
    "updated": 0
  },
  {
    "id": "8c40697b-6872-4657-a17a-1b97824bddb6",
    "data": [
      {
        "text": "Posso fazer ",
        "userDefined": false
      },
      {
        "text": "um",
        "userDefined": false
      },
      {
        "text": " pedido?",
        "userDefined": false
      }
    ],
    "isTemplate": false,
    "count": 0,
    "lang": "pt-br",
    "updated": 0
  },
  {
    "id": "bb400e35-3387-4782-8236-bf8b4b3cd43c",
    "data": [
      {
        "text": "Estão atendendo ",
        "userDefined": false
      },
      {
        "text": "hoje",
        "userDefined": false
      },
      {
        "text": "?",
        "userDefined": false
      }
    ],
    "isTemplate": false,
    "count": 0,
    "lang": "pt-br",
    "updated": 0
  },
  {
    "id": "ed999d57-83c2-4d98-99fd-64868d4fbec4",
    "data": [
      {
        "text": "Vocês estão atendendo?",
        "userDefined": false
      }
    ],
    "isTemplate": false,
    "count": 0,
    "lang": "pt-br",
    "updated": 0
  }
]