[
  {
    "value": "Palha italiana",
    "synonyms": [
      "Palha italiana",
      "palha",
      "italiana"
    ]
  },
  {
    "value": "Pão de mel",
    "synonyms": [
      "Pão de mel",
      "Pão",
      "mel",
      "Pao mel"
    ]
  },
  {
    "value": "Torta de limão",
    "synonyms": [
      "Torta de limao",
      "limao",
      "tortinha de limao",
      "torta com limão"
    ]
  },
  {
    "value": "Torta de maracujá",
    "synonyms": [
      "Torta de maracujá",
      "maracuja",
      "torta com maracuja",
      "tortinha de maracuja"
    ]
  },
  {
    "value": "Banoffee",
    "synonyms": [
      "Banoffee",
      "banofe",
      "banufe",
      "banofee",
      "banoffe"
    ]
  }
]